<?xml version="1.0" encoding="UTF-8"?>
<project-private xmlns="http://www.netbeans.org/ns/project-private/1">
    <editor-bookmarks xmlns="http://www.netbeans.org/ns/editor-bookmarks/2" lastBookmarkId="0"/>
    <open-files xmlns="http://www.netbeans.org/ns/projectui-open-files/2">
        <group>
            <file>file:/Users/junaidali/Documents/Projects/Quizmanagement/src/defaultPackage/index.java</file>
            <file>file:/Users/junaidali/Documents/Projects/Quizmanagement/src/defaultPackage/addNewQuestion.java</file>
            <file>file:/Users/junaidali/Documents/Projects/Quizmanagement/src/defaultPackage/loginAdmin.java</file>
            <file>file:/Users/junaidali/Documents/Projects/Quizmanagement/src/defaultPackage/quizExamStudent.java</file>
            <file>file:/Users/junaidali/Documents/Projects/Quizmanagement/src/defaultPackage/adminHome.java</file>
            <file>file:/Users/junaidali/Documents/Projects/Quizmanagement/src/defaultPackage/back%20student.png</file>
        </group>
    </open-files>
</project-private>
